City,Country,Latitude,Longitude,Temperature (F),Max Temp (F),Humidity %,Cloudiness,Wind Speed (mph),Date
henties bay,NA,-22.116,14.2845,69.85,69.85,80,7,7.25,1643132756
bethel,US,41.3712,-73.414,37.83,40.24,71,100,4.0,1643132757
saint-francois,FR,46.4154,3.9054,33.24,36.68,93,0,1.14,1643132759
ushuaia,AR,-54.8,-68.3,42.46,44.22,75,100,29.93,1643132760
mar del plata,AR,-38.0023,-57.5575,74.88,82.42,92,75,18.99,1643132758
kruisfontein,ZA,-34.0033,24.7314,69.89,69.89,82,99,8.39,1643132763
bronnoysund,NO,65.4625,12.1997,35.6,35.6,75,75,16.11,1643132526
yumen,CN,40.2833,97.2,17.78,17.78,42,0,2.91,1643132684
albany,US,42.6001,-73.9662,30.42,33.75,58,74,1.99,1643132617
dikson,RU,73.5069,80.5464,11.61,11.61,92,100,34.31,1643132676
ossora,RU,59.2353,163.0719,-13.97,-13.97,91,88,7.23,1643132769
vaini,TO,-21.2,-175.2,78.96,78.96,89,40,8.05,1643132770
castro,BR,-24.7911,-50.0119,85.93,85.93,44,87,2.62,1643132686
vanimo,PG,-2.6741,141.3028,77.13,77.13,88,67,2.13,1643132773
san cristobal,VE,7.7669,-72.225,78.98,78.98,41,68,5.01,1643132774
ulladulla,AU,-35.35,150.4667,67.1,67.1,92,6,2.89,1643132776
ewa beach,US,21.3156,-158.0072,71.06,73.69,74,0,0.0,1643132705
bluff,NZ,-46.6,168.3333,54.81,54.81,91,73,6.73,1643132778
maldonado,UY,-34.6667,-54.9167,88.99,88.99,62,100,6.4,1643132779
mataura,NZ,-46.1927,168.8643,54.48,54.48,99,36,2.35,1643132781
jamestown,US,42.097,-79.2353,19.67,22.32,49,100,8.01,1643132727
geraldton,AU,-28.7667,114.6,68.41,68.41,77,0,11.5,1643132783
punta arenas,CL,-53.15,-70.9167,53.42,53.71,47,40,28.77,1643132520
mitu,CO,1.1983,-70.1733,82.02,82.02,80,99,3.22,1643132786
da nang,VN,16.0678,108.2208,71.58,71.65,94,20,1.14,1643132787
bredasdorp,ZA,-34.5322,20.0403,69.12,69.12,64,92,9.22,1643132788
port alfred,ZA,-33.5906,26.891,72.81,72.81,81,49,8.88,1643132790
busselton,AU,-33.65,115.3333,59.14,59.14,84,0,11.18,1643132792
qaanaaq,GL,77.484,-69.3632,-9.74,-9.74,52,66,7.54,1643132793
sitka,US,57.0531,-135.33,39.09,39.09,87,75,3.44,1643132794
rikitea,PF,-23.1203,-134.9692,78.49,78.49,74,99,20.15,1643132796
yuma,US,32.7253,-114.6244,56.35,62.89,36,20,5.75,1643132797
luanda,AO,-8.8368,13.2343,78.8,78.8,78,20,9.22,1643132798
saint-philippe,RE,-21.3585,55.7679,74.79,76.55,72,86,12.48,1643132800
atuona,PF,-9.8,-139.0333,78.4,78.4,72,26,18.95,1643132597
te anau,NZ,-45.4167,167.7167,45.52,45.52,91,8,0.76,1643132692
marrakesh,MA,31.6315,-8.0083,60.87,60.87,59,75,9.22,1643132631
mbaiki,CF,3.8678,17.9892,80.33,80.33,23,98,2.71,1643132805
makakilo city,US,21.3469,-158.0858,69.17,72.28,74,0,0.0,1643132806
east london,ZA,-33.0153,27.9116,72.54,72.54,94,40,3.44,1643132807
cherskiy,RU,68.75,161.3,-43.11,-43.11,100,97,5.08,1643132809
lyman,UA,48.9884,37.8023,23.13,23.13,97,100,1.63,1643132810
saskylakh,RU,71.9167,114.0833,12.79,12.79,88,100,18.19,1643132811
yellowknife,CA,62.456,-114.3525,3.94,4.41,89,100,6.91,1643132729
chuy,UY,-33.6971,-53.4616,85.89,85.89,66,98,10.89,1643132814
new norfolk,AU,-42.7826,147.0587,58.46,60.66,72,95,2.13,1643132815
broken hill,AU,-31.95,141.4333,76.71,76.71,69,80,5.75,1643132817
ribas do rio pardo,BR,-20.4431,-53.7592,90.46,90.46,44,100,3.65,1643132818
ancud,CL,-41.8697,-73.8203,71.22,71.22,61,1,8.41,1643132820
vanavara,RU,60.34,102.2797,-12.68,-12.68,100,99,1.81,1643132821
coquimbo,CL,-29.9533,-71.3436,67.73,67.73,72,40,12.66,1643132822
sao filipe,CV,14.8961,-24.4956,78.21,78.21,59,5,4.41,1643132824
kodiak,US,57.79,-152.4072,29.71,29.71,55,0,13.8,1643132825
yurkivka,UA,49.0126,31.1013,17.17,17.17,90,56,4.59,1643132826
guymon,US,36.6828,-101.4816,33.73,33.8,64,75,10.36,1643132828
inhambane,MZ,-23.865,35.3833,82.0,82.38,88,75,13.0,1643132829
thompson,CA,55.7435,-97.8558,-21.84,-21.84,69,20,8.05,1643132831
ponta do sol,PT,32.6667,-17.1,60.03,61.43,72,58,8.57,1643132832
richards bay,ZA,-28.783,32.0377,75.25,75.25,90,6,3.78,1643132833
hermanus,ZA,-34.4187,19.2345,68.81,68.81,71,28,17.2,1643132835
russell,US,32.3502,-85.1999,57.13,59.97,53,100,0.0,1643132836
angren,UZ,41.0167,70.1436,28.29,28.29,46,0,6.17,1643132837
hithadhoo,MV,-0.6,73.0833,81.55,81.55,68,85,15.73,1643132839
nikolskoye,RU,59.7035,30.7861,26.49,26.49,98,31,4.21,1643132840
port hardy,CA,50.6996,-127.4199,35.78,35.78,100,75,4.61,1643132744
hilo,US,19.7297,-155.09,66.36,69.24,72,40,5.75,1643132843
shar,KZ,49.5886,81.0453,-9.87,-9.87,94,26,8.21,1643132844
goma,CD,-1.6792,29.2228,64.81,64.81,85,100,3.09,1643132845
pizarro,CO,4.9533,-77.366,78.22,78.22,86,97,0.07,1643132847
faanui,PF,-16.4833,-151.75,80.55,80.55,77,100,14.2,1643132848
hobart,AU,-42.8794,147.3294,59.5,61.02,79,100,6.91,1643132585
road town,VG,18.4167,-64.6167,82.35,82.49,57,20,8.05,1643132851
lebu,CL,-37.6167,-73.65,65.46,65.46,66,0,14.38,1643132852
amapa,BR,1.0,-52.0,79.81,79.81,85,72,4.05,1643132853
barrow,US,71.2906,-156.7887,3.22,3.22,85,100,19.57,1643132702
cape town,ZA,-33.9258,18.4232,69.01,74.26,60,20,7.0,1643132856
darhan,MN,49.4867,105.9228,-5.46,-5.46,96,92,5.68,1643132857
victor harbor,AU,-35.5667,138.6167,70.5,75.2,82,49,2.8,1643132858
havre-saint-pierre,CA,50.2334,-63.5986,7.57,14.59,66,75,11.5,1643132860
the valley,AI,18.217,-63.0578,79.59,82.26,69,40,10.36,1643132585
verkhnyaya inta,RU,65.9811,60.3094,22.96,22.96,82,100,20.54,1643132863
beringovskiy,RU,63.05,179.3167,-26.37,-26.37,91,57,2.59,1643132864
skjervoy,NO,70.0311,20.9714,28.4,28.58,61,100,34.34,1643132865
kalmunai,LK,7.4167,81.8167,75.07,75.07,75,92,3.42,1643132867
westport,US,41.1415,-73.3579,39.34,42.03,68,100,3.0,1643132698
oudtshoorn,ZA,-33.5907,22.2014,64.76,64.76,82,66,8.32,1643132869
grand gaube,MU,-20.0064,57.6608,76.37,79.2,70,56,4.0,1643132871
la ronge,CA,55.1001,-105.2842,-18.15,-18.15,69,75,6.91,1643132872
terrak,NO,65.087,12.3715,35.47,35.47,81,100,7.72,1643132873
bonthe,SL,7.5264,-12.505,82.81,82.81,62,23,13.4,1643132875
bengkulu,ID,-3.8004,102.2655,77.83,77.83,84,100,4.05,1643132876
necochea,AR,-38.5473,-58.7368,82.4,82.4,62,47,13.94,1643132878
chokurdakh,RU,70.6333,147.9167,-30.17,-30.17,100,100,6.2,1643132879
itarema,BR,-2.9248,-39.9167,87.64,87.64,54,100,12.82,1643132611
pacifica,US,37.6138,-122.4869,49.39,56.71,94,75,4.0,1643132794
isangel,VU,-19.55,169.2667,80.22,80.22,84,11,4.18,1643132883
esperance,AU,-33.8667,121.9,62.44,62.44,82,100,14.2,1643132884
port-gentil,GA,-0.7193,8.7815,82.36,82.36,83,75,9.22,1643132885
lompoc,US,34.6391,-120.4579,53.8,67.08,93,20,2.3,1643132856
bontang,ID,0.1333,117.5,78.19,78.19,84,98,1.77,1643132888
mahebourg,MU,-20.4081,57.7,79.09,79.09,65,40,14.97,1643132889
lavrentiya,RU,65.5833,-171.0,-18.33,-18.33,89,100,5.64,1643132891
coihaique,CL,-45.5752,-72.0662,69.75,70.41,37,0,5.75,1643132793
breves,BR,-1.6822,-50.4803,87.03,87.03,59,72,4.83,1643132893
tuatapere,NZ,-46.1333,167.6833,54.82,54.82,90,25,2.82,1643132895
ajdabiya,LY,30.7554,20.2263,49.21,49.21,65,90,21.03,1643132896
saint-jean-port-joli,CA,47.2171,-70.2658,17.15,23.04,90,99,1.68,1643132898
vila franca do campo,PT,37.7167,-25.4333,63.19,63.19,80,69,5.03,1643132899
gat,IL,31.61,34.7642,49.39,50.68,66,23,6.55,1643132900
katsuura,JP,35.1333,140.3,42.67,43.2,92,100,12.93,1643132902
konongo,GH,6.6167,-1.2167,83.8,83.8,19,9,2.86,1643132903
kaitangata,NZ,-46.2817,169.8464,48.56,48.56,91,17,5.01,1643132904
tommot,RU,58.9564,126.2925,-2.69,-2.69,96,100,6.8,1643132906
wanning,CN,18.8003,110.3967,70.97,70.97,91,53,4.59,1643132907
ribeira grande,PT,38.5167,-28.7,63.0,63.0,63,20,6.91,1643132908
sorong,ID,-0.8833,131.25,82.47,82.47,79,100,11.92,1643132910
rongcheng,CN,30.634,117.8517,41.36,41.36,95,100,4.47,1643132911
kahului,US,20.8947,-156.47,70.7,72.84,85,40,10.36,1643132913
caravelas,BR,-17.7125,-39.2481,82.11,82.11,64,100,9.42,1643132914
norman wells,CA,65.282,-126.8329,1.44,1.44,85,40,2.3,1643132915
sao luiz gonzaga,BR,-28.4083,-54.9608,107.2,107.2,21,34,6.17,1643132917
udachnyy,RU,66.4167,112.4,-2.85,-2.85,93,87,4.76,1643132918
naze,JP,28.3667,129.4833,57.52,57.52,69,87,13.67,1643132919
ola,RU,59.5833,151.2833,-18.02,-18.02,89,26,8.1,1643132848
ferkessedougou,CI,9.6,-5.2,87.78,87.78,11,56,5.84,1643132922
yabelo,ET,4.8833,38.0833,70.57,70.57,21,65,11.97,1643132923
roald,NO,62.5833,6.1333,42.91,43.09,75,75,9.22,1643132925
tasiilaq,GL,65.6145,-37.6368,21.36,21.36,91,28,7.85,1643132926
laguna,US,38.421,-121.4238,47.39,60.84,89,40,1.01,1643132927
avera,US,33.194,-82.5271,55.9,59.68,60,100,8.01,1643132929
kapaa,US,22.0752,-159.319,71.92,71.92,68,20,11.5,1643132930
tuktoyaktuk,CA,69.4541,-133.0374,28.4,28.4,100,100,14.97,1643132931
bilibino,RU,68.0546,166.4372,-41.03,-41.03,96,96,3.2,1643132933
krapkowice,PL,50.4752,17.9654,33.71,37.78,94,100,7.85,1643132934
butaritari,KI,3.0707,172.7902,81.21,81.21,81,37,16.46,1643132935
santa maria,BR,-29.6842,-53.8069,94.3,94.3,59,20,5.75,1643132680
cabo san lucas,MX,22.8909,-109.9124,71.67,73.51,40,0,1.01,1643132801
panzhihua,CN,26.5851,101.7128,46.81,46.81,92,37,1.48,1643132939
waipawa,NZ,-41.4122,175.5153,60.15,61.45,94,59,6.26,1643132941
avarua,CK,-21.2078,-159.775,77.05,77.05,94,40,5.75,1643132942
souillac,MU,-20.5167,57.5167,79.18,79.18,65,40,14.97,1643132944
mecca,SA,21.4267,39.8261,71.08,71.08,57,6,6.67,1643132945
hauterive,FR,46.0901,3.4459,40.41,41.76,76,0,1.41,1643132946
goure,NE,13.9835,10.2704,71.02,71.02,14,0,10.02,1643132948
touros,BR,-5.1989,-35.4608,86.9,86.9,64,99,14.09,1643132949
oga,IT,46.4631,10.347,29.35,39.88,76,2,4.72,1643132950
codrington,AU,-38.2667,141.9667,68.02,68.02,60,23,8.93,1643132952
khatanga,RU,71.9667,102.5,5.94,5.94,86,92,16.96,1643132756
klaksvik,FO,62.2266,-6.589,40.12,40.12,69,24,39.17,1643132954
puerto ayora,EC,-0.7393,-90.3518,82.36,82.36,79,98,9.53,1643132679
provideniya,RU,64.3833,-173.3,-12.69,-12.69,90,51,5.66,1643132957
phan thiet,VN,10.9333,108.1,72.84,72.84,89,38,6.69,1643132938
pevek,RU,69.7008,170.3133,-22.61,-22.61,98,100,1.21,1643132960
nouadhibou,MR,20.931,-17.0347,76.98,76.98,57,46,14.97,1643132961
tiksi,RU,71.6872,128.8694,-7.78,-7.78,95,100,8.72,1643132962
jacqueville,CI,5.2052,-4.4146,84.11,84.11,69,5,10.11,1643132964
halifax,CA,44.6453,-63.5724,35.15,36.21,94,100,7.0,1643132965
korla,CN,41.7597,86.1469,24.82,24.82,67,1,5.7,1643132966
lagos,NG,6.5833,3.75,79.0,79.0,51,30,5.17,1643132856
ilhabela,BR,-23.7781,-45.3581,80.04,80.04,82,27,4.79,1643132754
vidim,RU,56.4088,103.1106,-11.88,-11.88,100,100,2.51,1643132970
kluang,MY,2.0251,103.3328,78.53,78.53,92,51,3.89,1643132972
sao gabriel da cachoeira,BR,-0.1303,-67.0892,80.4,80.4,83,75,2.3,1643132973
sergeyevka,KZ,53.88,67.4158,9.64,9.64,86,100,10.67,1643132975
los llanos de aridane,ES,28.6585,-17.9182,62.13,62.13,49,20,11.01,1643132976
paris,FR,48.8534,2.3488,33.03,34.3,100,100,2.3,1643132676
urusha,RU,54.05,122.9,-13.07,-13.07,98,60,3.42,1643132978
nome,US,64.5011,-165.4064,-20.36,-20.36,100,96,1.88,1643132979
salalah,OM,17.0151,54.0924,73.49,73.49,53,0,3.44,1643132981
victoria,HK,22.2855,114.1577,65.97,66.38,87,83,5.01,1643132810
ginir,ET,7.1333,40.7,62.65,62.65,19,11,5.66,1643132983
abalak,RU,58.1286,68.5944,10.29,10.29,98,98,2.48,1643132985
varhaug,NO,58.6147,5.6457,42.75,43.86,94,100,7.43,1643132986
bambous virieux,MU,-20.3428,57.7575,79.05,79.05,65,40,14.97,1643132987
iracoubo,GF,5.4802,-53.2011,79.16,79.16,83,50,11.01,1643132989
cockburn town,TC,21.4612,-71.1419,82.36,82.36,61,40,2.3,1643132869
saint-pierre,RE,-21.3393,55.4781,74.88,76.64,69,75,6.91,1643132991
hinton,CA,53.4001,-117.5857,21.24,25.11,77,86,10.83,1643132746
sterling,US,39.0062,-77.4286,42.13,48.34,59,75,9.22,1643132783
severo-kurilsk,RU,50.6789,156.125,19.9,19.9,60,49,6.78,1643132995
camana,PE,-16.6228,-72.7111,75.13,75.13,71,74,8.7,1643132997
ixtapa,MX,20.7,-105.2,84.04,84.04,38,2,5.17,1643132998
fortuna,US,40.5982,-124.1573,39.54,39.54,52,0,1.68,1643132999
sakakah,SA,29.9697,40.2064,56.77,56.77,36,0,9.69,1643133001
follonica,IT,42.9263,10.7616,47.71,50.04,67,0,1.23,1643133002
srandakan,ID,-7.9386,110.2506,78.57,78.57,88,100,9.62,1643133004
vao,NC,-22.6667,167.4833,76.6,76.6,70,100,7.9,1643133005
osypenko,UA,46.9136,36.8253,25.84,25.84,85,89,4.54,1643133006
mayo,US,38.8876,-76.5119,42.84,46.81,65,100,1.99,1643133008
saint george,US,37.1041,-113.5841,45.72,51.26,43,0,3.0,1643132953
kokopo,PG,-4.352,152.2633,78.49,78.49,84,95,5.37,1643133010
carutapera,BR,-1.195,-46.02,84.29,84.29,69,91,7.76,1643133012
georgetown,MY,5.4112,100.3354,78.42,80.53,89,20,1.99,1643133001
cidreira,BR,-30.1811,-50.2056,81.99,81.99,70,74,15.82,1643133014
pemba,MZ,-12.974,40.5178,82.22,83.1,78,75,15.01,1643133015
poum,NC,-20.2333,164.0167,79.09,79.09,73,92,14.09,1643133017
paraiso,CR,9.8383,-83.8656,81.84,85.15,34,5,4.03,1643133018
mount isa,AU,-20.7333,139.5,74.97,74.97,100,100,0.0,1643133019
abu dhabi,AE,24.4667,54.3667,68.5,68.97,77,0,6.91,1643132826
valle del guamuez,CO,0.4525,-76.9192,76.42,76.42,65,99,2.39,1643133022
mirnyy,RU,62.5353,113.9611,-21.77,-21.77,75,100,4.27,1643133024
houma,US,29.5958,-90.7195,50.11,51.8,94,100,10.92,1643133025
kattivakkam,IN,13.2167,80.3167,80.08,80.69,81,11,7.7,1643133026
sharjah,AE,25.3573,55.4033,68.92,74.25,68,0,0.0,1643132888
moundou,TD,8.5667,16.0833,80.8,80.8,14,63,5.5,1643133029
komsomolskiy,UZ,40.4272,71.7189,29.12,33.22,74,75,6.91,1643133030
huilong,CN,31.8111,121.655,42.87,44.04,75,100,5.79,1643133032
saldanha,ZA,-33.0117,17.9442,75.25,75.25,82,3,24.67,1643133033
suoyarvi,RU,62.0833,32.35,12.63,12.63,95,12,5.23,1643133035
chapais,CA,49.7834,-74.8492,-13.22,-13.22,83,97,7.47,1643133036
plettenberg bay,ZA,-34.0527,23.3716,67.23,67.23,88,100,6.69,1643133037
tottori,JP,35.5,134.2333,36.55,36.55,79,47,5.41,1643132806
abu samrah,SY,35.3029,37.1841,44.04,44.04,65,7,8.7,1643133040
svetlogorsk,BY,52.6333,29.7333,23.31,23.31,97,100,5.95,1643133041
ashland,US,40.8167,-82.2665,22.33,24.87,75,46,6.24,1643133009
dingle,PH,10.9995,122.6711,75.07,75.07,96,100,8.68,1643132773
yining,CN,29.0361,114.5636,43.29,43.29,97,100,2.21,1643133045
belmonte,BR,-15.8631,-38.8828,73.9,73.9,68,100,7.2,1643133046
carnarvon,AU,-24.8667,113.6333,75.27,75.27,78,0,19.57,1643133048
gravelbourg,CA,49.8834,-106.5512,-9.13,-9.13,84,6,8.75,1643133049
warmbad,NA,-28.45,18.7333,94.44,94.44,16,16,6.6,1643133050
lukovetskiy,RU,64.2956,41.9211,26.58,26.58,89,96,8.41,1643133052
torbay,CA,47.6666,-52.7314,33.73,34.57,89,94,5.01,1643133053
hovd,MN,48.0056,91.6419,-8.25,-8.25,77,95,4.52,1643133054
meulaboh,ID,4.1363,96.1285,76.8,76.8,88,71,2.19,1643133056
pouebo,NC,-20.4,164.5667,75.45,75.45,82,66,5.75,1643133057
upernavik,GL,72.7868,-56.1549,8.65,8.65,86,100,16.22,1643133059
los andes,CL,-32.8337,-70.5983,87.57,88.02,21,0,8.95,1643133060
leningradskiy,RU,69.3833,178.4167,-24.03,-24.03,87,84,5.82,1643133061
sinnamary,GF,5.3833,-52.95,79.39,79.39,83,58,11.14,1643133063
lagoa,PT,39.05,-27.9833,58.8,58.8,76,75,6.62,1643133064
makinsk,KZ,52.6292,70.4169,5.61,5.61,85,100,9.66,1643133065
gurupa,BR,-1.405,-51.64,84.47,84.47,67,81,6.4,1643133067
chinsali,ZM,-10.5414,32.0816,63.88,63.88,96,100,4.21,1643133068
port elizabeth,ZA,-33.918,25.5701,70.09,71.1,88,75,8.05,1643133069
ineu,RO,46.4333,21.85,26.89,28.71,89,95,4.12,1643133070
faya,SA,18.3851,42.4509,55.92,57.31,74,8,3.8,1643133072
chara,RU,56.9064,118.2631,-12.86,-12.86,91,96,0.54,1643133073
la union,PE,-5.4,-80.75,83.48,83.48,51,100,8.46,1643133075
narsaq,GL,60.9167,-46.05,17.91,17.91,80,100,11.79,1643133076
shestakovo,RU,56.4915,103.96,-7.73,-7.73,100,99,2.77,1643133077
newport,GB,51.5877,-2.9984,39.13,41.25,86,72,4.34,1643133079
tecoanapa,MX,16.5167,-98.75,83.34,83.34,48,2,9.71,1643133080
lichinga,MZ,-13.3128,35.2406,68.09,68.09,83,75,5.75,1643133082
namatanai,PG,-3.6667,152.4333,80.13,80.13,80,98,4.79,1643133083
cabedelo,BR,-6.9811,-34.8339,88.47,88.47,66,91,11.92,1643133085
tongliao,CN,43.6125,122.2653,1.51,1.51,85,6,7.99,1643133086
cayenne,GF,4.9333,-52.3333,81.09,81.09,85,75,3.0,1643133088
longyearbyen,SJ,78.2186,15.6401,19.24,19.24,63,75,19.57,1643133003
giyani,ZA,-23.3025,30.7187,76.3,76.3,66,100,6.04,1643133090
qasigiannguit,GL,68.8193,-51.1922,3.96,3.96,85,92,9.31,1643133091
rawson,AR,-43.3002,-65.1023,66.96,66.96,61,0,25.46,1643133051
sorland,NO,67.667,12.6934,33.66,33.66,84,100,16.49,1643133094
aguazul,CO,5.1728,-72.5471,96.33,96.33,30,69,8.41,1643133095
constitucion,CL,-35.3333,-72.4167,69.06,69.06,64,7,9.17,1643133097
tongchuan,CN,35.0806,109.0897,35.37,35.37,60,82,6.04,1643133098
taoudenni,ML,22.6783,-3.9836,75.81,75.81,14,100,6.98,1643133099
guerrero negro,MX,27.9769,-114.0611,64.87,64.87,50,54,7.81,1643133101
margate,GB,51.3813,1.3862,37.06,37.9,82,76,1.99,1643133102
padang,ID,-0.9492,100.3543,78.67,78.67,85,100,3.29,1643133103
manchester,GB,53.4809,-2.2374,37.85,40.51,88,100,2.3,1643133078
santa cruz,BO,-17.8,-63.1667,95.05,95.05,46,75,14.97,1643132594
griffith,US,41.5284,-87.4237,12.52,16.11,54,0,4.0,1643133107
sioux lookout,CA,50.1001,-91.917,-18.33,-18.02,76,40,6.91,1643133108
martinez,US,38.0194,-122.1341,51.01,55.9,85,0,3.8,1643133110
kodinsk,RU,58.6881,99.1844,-13.52,-13.52,100,100,2.51,1643133111
avila,ES,40.5833,-5.0,40.64,40.64,85,44,7.2,1643133113
dourados,BR,-22.2211,-54.8056,99.34,99.34,29,73,8.72,1643133114
okha,RU,53.5739,142.9478,-9.96,-9.96,100,80,8.41,1643133115
ghanzi,BW,-21.5667,21.7833,78.1,78.1,38,42,5.41,1643133117
olafsvik,IS,64.8945,-23.7142,30.16,30.16,91,100,37.24,1643133118
talara,PE,-4.5772,-81.2719,79.56,79.56,61,40,11.25,1643133119
riwaka,NZ,-41.0833,173.0,65.19,66.0,96,94,0.94,1643133121
kozhva,RU,65.1073,57.0459,20.75,20.75,92,100,12.28,1643133122
meadow lake,US,34.8014,-106.5436,45.01,51.96,33,89,7.85,1643133123
lenina,RU,46.0667,39.7833,27.82,27.82,97,95,5.64,1643133125
haines junction,CA,60.7522,-137.5108,28.35,28.35,74,99,5.75,1643133126
itoman,JP,26.1247,127.6694,64.24,64.42,71,100,10.36,1643133128
talwandi bhai,IN,30.85,74.9333,49.06,49.06,78,15,3.04,1643133129
nola,IT,40.922,14.5329,41.07,44.58,76,0,2.8,1643133130
zhigansk,RU,66.7697,123.3711,-14.53,-14.53,96,99,9.44,1643133132
karaton,ID,-6.3424,106.1045,78.64,78.96,93,91,3.27,1643133133
bilma,NE,18.6853,12.9164,63.1,63.1,17,0,12.21,1643133134
kosum phisai,TH,16.2486,103.0674,75.67,80.82,35,2,1.03,1643133136
pimentel,PE,-6.8367,-79.9342,80.89,80.89,57,0,14.97,1643133137
presidencia roque saenz pena,AR,-26.7852,-60.4388,106.45,106.45,23,30,10.96,1643133138
leverkusen,DE,51.0333,7.0,37.35,39.61,81,2,1.23,1643133140
khandyga,RU,62.6667,135.6,-39.03,-39.03,100,100,1.01,1643133141
dubbo,AU,-32.25,148.6167,66.33,66.33,94,40,6.91,1643133143
marzuq,YE,14.4,46.4667,62.02,62.02,32,25,0.81,1643133144
luderitz,NA,-26.6481,15.1594,79.99,79.99,54,1,24.09,1643133146
clyde river,CA,70.4692,-68.5914,-5.57,-5.57,77,100,17.27,1643133069
metro,ID,-5.1131,105.3067,75.2,75.2,93,100,6.76,1643133148
marsa matruh,EG,31.3525,27.2453,53.8,53.8,58,40,11.5,1643133150
pauini,BR,-7.7136,-66.9764,82.54,82.54,84,100,0.81,1643133151
mount gambier,AU,-37.8333,140.7667,75.11,75.11,38,10,8.05,1643133152
emerald,AU,-23.5333,148.1667,78.94,78.94,61,100,9.22,1643133154
muisne,EC,0.6,-80.0333,77.43,77.43,86,100,2.3,1643133155
shellbrook,CA,53.2168,-106.4011,-24.57,-24.57,88,57,11.39,1643133156
usinsk,RU,65.9939,57.5281,21.56,21.56,92,100,20.04,1643133158
terney,RU,45.0503,136.6092,13.69,13.69,80,92,6.2,1643132914
ambilobe,MG,-13.2,49.05,75.02,75.02,88,99,2.21,1643133160
redmond,US,47.674,-122.1215,36.79,40.86,91,16,1.45,1643133002
arraial do cabo,BR,-22.9661,-42.0278,84.06,85.96,65,0,25.32,1643133163
west sacramento,US,38.5805,-121.5302,47.77,60.15,86,0,3.44,1643133164
lisala,CD,2.15,21.5167,80.19,80.19,37,81,2.28,1643133166
bali,ID,-8.5,115.0,81.23,81.57,88,96,7.7,1643133167
merauke,ID,-8.4667,140.3333,79.5,79.5,89,99,8.5,1643133168
yulara,AU,-25.2406,130.9889,84.04,84.04,42,45,5.75,1643133170
la rioja,ES,42.25,-2.5,35.38,41.31,81,0,3.89,1643133171
ndioum,SN,16.5129,-14.6471,88.77,88.77,7,100,11.27,1643133172
worcester,US,42.3334,-71.8328,35.4,38.5,72,75,3.0,1643133174
kushtagi,IN,15.7667,76.2,68.92,68.92,45,58,5.21,1643133175
chifeng,CN,42.2683,118.9636,13.15,13.15,53,0,5.01,1643133176
san alberto,CO,7.7611,-73.3922,91.49,91.49,49,80,5.44,1643133178
adeje,ES,28.1227,-16.726,61.23,64.02,72,70,4.23,1643133179
port blair,IN,11.6667,92.75,78.84,78.84,73,20,5.75,1643133180
saint-joseph,RE,-21.3667,55.6167,73.78,75.56,70,71,13.29,1643133182
bahia blanca,AR,-38.7196,-62.2724,96.67,96.67,25,2,8.61,1643133183
pundaguitan,PH,6.3711,126.1689,80.29,80.29,79,91,4.92,1643133185
toamasina,MG,-18.1667,49.3833,73.4,73.4,100,75,5.75,1643133186
iqaluit,CA,63.7506,-68.5145,-16.87,-16.87,76,100,3.44,1643133187
hamilton,US,39.1834,-84.5333,27.5,30.25,65,75,3.0,1643132903
kavieng,PG,-2.5744,150.7967,82.62,82.62,76,79,8.9,1643133190
bulgan,MN,48.8125,103.5347,-7.33,-7.33,92,7,3.83,1643133191
cairns,AU,-16.9167,145.7667,78.44,80.06,97,100,2.3,1643132914
san policarpo,PH,12.1791,125.5072,78.1,78.1,89,100,13.98,1643133194
urbano santos,BR,-3.2078,-43.4036,91.38,91.38,42,93,5.57,1643133195
sao joao da barra,BR,-21.6403,-41.0511,86.09,86.09,76,12,11.25,1643133197
zeya,RU,53.75,127.2667,-8.23,-8.23,98,23,2.28,1643133198
hasaki,JP,35.7333,140.8333,39.04,39.6,89,100,13.67,1643133199
ulaangom,MN,49.9811,92.0667,-17.16,-17.16,88,95,4.47,1643133192
luganville,VU,-15.5333,167.1667,78.71,78.71,84,73,3.2,1643133202
austin,US,30.2672,-97.7431,49.98,53.62,87,100,3.44,1643132734
khotynets,RU,53.1286,35.3966,2.23,2.23,100,86,5.97,1643133205
sarangani,PH,5.4033,125.4636,81.25,81.25,75,97,2.8,1643133206
kirovsk,UA,48.6375,38.6428,17.17,17.17,96,84,5.19,1643133207
athabasca,CA,54.7169,-113.2854,23.0,23.41,86,100,14.34,1643133209
pisco,PE,-13.7,-76.2167,75.25,76.01,64,0,11.5,1643133210
cikupa,ID,-6.2364,106.5083,80.44,81.91,90,97,5.88,1643133211
sfantu gheorghe,RO,45.8667,25.7833,18.1,19.65,94,99,3.09,1643133012
port lincoln,AU,-34.7333,135.8667,67.1,67.1,91,0,0.58,1643133214
sur,OM,22.5667,59.5289,70.16,70.16,62,3,10.09,1643133216
northam,GB,51.0333,-4.2167,41.59,43.48,85,100,2.39,1643133217
slonim,BY,53.0867,25.3219,33.15,33.15,98,100,9.1,1643133218
arlit,NE,18.7369,7.3853,66.88,66.88,13,3,17.05,1643133220
vestmannaeyjar,IS,63.4427,-20.2734,38.39,38.39,75,40,50.64,1643133221
burnie,AU,-41.0667,145.9167,61.47,61.47,92,55,10.0,1643133222
aden,YE,12.7794,45.0367,76.98,76.98,66,48,7.96,1643133224
bereznehuvate,UA,47.3078,32.8499,20.79,20.79,92,92,5.01,1643133225
staryy nadym,RU,65.6118,72.6842,1.2,1.2,94,42,16.84,1643133226
nanortalik,GL,60.1432,-45.2371,24.84,24.84,73,100,8.12,1643133228
saint-denis,FR,48.9167,2.3333,32.9,34.29,100,100,3.44,1643133229
calvia,ES,39.5657,2.5062,50.45,50.95,67,0,8.63,1643133231
pushkino,RU,56.0172,37.8667,17.49,17.89,96,100,5.55,1643133232
corinth,GR,37.9407,22.9573,37.11,37.89,64,31,2.15,1643132938
san jose,US,37.3394,-121.895,52.57,57.81,66,100,0.0,1643133235
bull savanna,JM,17.8868,-77.5902,80.92,80.92,60,2,10.8,1643133236
egvekinot,RU,66.3167,-179.1667,-29.33,-29.33,81,39,1.83,1643133237
dogondoutchi,NE,13.6393,4.0287,74.46,74.46,10,0,9.31,1643133239
jeremie,HT,18.65,-74.1167,80.29,80.29,71,27,6.78,1643133240
samarai,PG,-10.6167,150.6667,82.38,82.38,78,100,3.71,1643133241
ostrovnoy,RU,68.0531,39.5131,19.13,19.13,85,43,19.24,1643133243
anadyr,RU,64.75,177.4833,-26.9,-26.9,75,0,11.18,1643133244
iralaya,HN,15.0,-83.2333,84.29,84.29,64,4,8.37,1643133246
ekhabi,RU,53.5102,142.9671,-10.52,-10.52,100,87,7.85,1643133247
patacamaya,BO,-17.2333,-67.9167,58.75,58.75,48,98,10.92,1643133248
kudat,MY,6.8837,116.8477,78.73,78.73,94,20,1.14,1643133250
derbent,RU,42.0678,48.2899,39.58,39.58,85,97,8.88,1643133251
santana,BR,-0.0583,-51.1817,77.18,77.18,100,100,8.05,1643133253
iguape,BR,-24.7081,-47.5553,83.37,83.37,70,96,7.92,1643133254
ahuimanu,US,21.4447,-157.8378,71.65,73.45,80,0,1.99,1643133255
mayuge,UG,0.4597,33.4803,70.0,70.0,73,79,4.74,1643133257
damaturu,NG,11.747,11.9608,73.08,73.08,20,18,10.38,1643133258
olinda,BR,-8.0089,-34.8553,85.73,85.73,66,40,11.5,1643133259
el calvario,GT,14.1167,-89.9167,82.15,82.15,32,5,5.59,1643133261
sinazongwe,ZM,-17.2614,27.4618,71.35,71.35,95,100,7.76,1643133262
sisimiut,GL,66.9395,-53.6735,12.81,12.81,76,100,10.65,1643133264
khipro,PK,25.8285,69.3772,57.88,57.88,20,0,3.6,1643133265
maragogi,BR,-9.0122,-35.2225,84.51,84.51,64,16,10.13,1643133107
nantucket,US,41.2835,-70.0995,42.98,45.09,88,93,14.45,1643133267
yibin,CN,28.7667,104.6238,48.09,48.09,94,100,1.81,1643133269
kaseda,JP,31.4167,130.3167,41.85,41.85,70,1,12.88,1643133270
sept-iles,CA,50.2001,-66.3821,11.01,11.05,83,100,4.0,1643133271
hay river,CA,60.8156,-115.7999,19.38,19.38,79,75,8.05,1643133273
grindavik,IS,63.8424,-22.4338,36.07,36.07,69,75,49.48,1643133274
shimoda,JP,34.6667,138.95,41.11,41.11,86,90,6.85,1643133276
rincon,US,32.296,-81.2354,55.99,59.45,71,100,2.66,1643133277
qaqortoq,GL,60.7167,-46.0333,20.91,20.91,76,100,13.47,1643133278
veraval,IN,20.9,70.3667,65.28,65.28,43,0,6.2,1643133280
beterou,BJ,9.1992,2.2586,85.66,85.66,13,36,4.83,1643133281
lata,PT,40.1629,-8.3327,51.89,55.81,70,9,4.25,1643133282
talnakh,RU,69.4865,88.3972,-7.58,-7.58,97,79,11.21,1643133284
chincha alta,PE,-13.4099,-76.1323,73.99,74.75,70,49,9.98,1643133285
portland,US,45.5234,-122.6762,39.69,46.38,76,75,1.01,1643133027
suntar,RU,62.1444,117.6319,-25.49,-25.49,100,90,2.66,1643133288
toro,CO,4.6117,-76.0814,76.28,76.28,80,99,2.21,1643133289
lakhimpur,IN,27.95,80.7667,54.43,54.43,66,8,6.62,1643133291
khani,GE,41.9563,42.9566,29.77,29.77,83,98,6.44,1643133292
george town,MY,5.4112,100.3354,78.42,80.53,89,20,1.99,1643133181
kabwe,ZM,-14.4469,28.4464,63.55,63.55,96,100,3.98,1643133294
goderich,CA,43.7501,-81.7165,17.64,17.92,73,100,14.97,1643133296
airai,TL,-8.9266,125.4092,61.18,61.18,86,89,2.77,1643133297
gweta,BW,-20.1833,25.2333,81.09,81.09,43,97,14.52,1643133298
kangaba,ML,11.9333,-8.4167,86.31,86.31,7,45,6.22,1643133300
kinshasa,CD,-4.3246,15.3215,77.38,79.12,83,0,0.0,1643133301
seguin,US,29.5688,-97.9647,54.91,61.47,59,0,9.75,1643133229
nemuro,JP,43.3236,145.575,22.03,22.03,77,23,7.72,1643133018
dong hoi,VN,17.4833,106.6,69.98,69.98,94,23,1.99,1643133305
knyaze-volkonskoye,RU,48.4642,135.4567,-13.72,-13.72,100,100,0.45,1643133306
peniche,PT,39.3558,-9.3811,55.56,58.95,71,0,16.58,1643133141
matagami,CA,49.7502,-77.6328,-16.49,-16.49,63,0,10.36,1643133309
south valley,US,35.0101,-106.6781,45.97,53.87,32,0,8.05,1643133311
mehamn,NO,71.0357,27.8492,30.11,30.38,72,100,33.08,1643133312
sao jose da coroa grande,BR,-8.8978,-35.1478,84.51,84.51,64,28,9.98,1643133313
sabang,ID,5.8933,95.3214,81.55,81.55,73,44,9.64,1643133315
rovaniemi,FI,66.5,25.7167,15.21,15.21,85,0,6.91,1643133316
fukue,JP,32.6881,128.8419,52.14,52.14,74,96,13.44,1643133317
naqadeh,IR,36.9553,45.388,18.99,18.99,88,40,4.85,1643133319
ayabaca,PE,-4.6398,-79.7149,59.0,59.0,73,100,7.07,1643133320
catuday,PH,16.2923,119.8062,76.78,76.78,76,33,10.27,1643133322
jiaonan,CN,35.8786,119.9753,24.82,24.82,66,22,8.55,1643133323
bandarbeyla,SO,9.4942,50.8122,75.04,75.04,62,0,20.07,1643133325
toora-khem,RU,52.4675,96.11,-4.9,-4.9,100,100,1.95,1643133326
college,US,64.8569,-147.8028,21.58,23.32,75,75,4.0,1643133277
klyuchi,RU,52.2667,79.1667,4.64,4.64,93,100,10.31,1643133328
noumea,NC,-22.2763,166.4572,77.0,77.0,99,99,2.89,1643133330
furtwangen,DE,48.05,8.2,28.53,32.34,80,0,1.61,1643133331
punta de bombon,PE,-17.1717,-71.7931,72.72,72.72,76,95,7.2,1643133333
tessalit,ML,20.1986,1.0114,71.15,71.15,13,96,10.98,1643133334
aykhal,RU,66.0,111.5,-3.73,-3.73,94,78,5.88,1643133335
conde,BR,-7.2597,-34.9075,87.26,87.26,51,40,12.66,1643133337
cohoes,US,42.7742,-73.7001,32.36,35.69,61,74,1.01,1643133298
sambava,MG,-14.2667,50.1667,76.24,76.24,84,99,8.97,1643133339
sabha,LY,27.0377,14.4283,50.74,50.74,41,31,10.54,1643133046
dalvik,IS,65.9702,-18.5286,37.33,37.33,97,100,8.93,1643133342
berlevag,NO,70.8578,29.0864,30.15,30.15,86,75,34.52,1643133343
micheweni,TZ,-4.9667,39.8333,80.56,80.56,74,26,19.57,1643133344
hongjiang,CN,27.11,109.9956,40.3,40.3,96,100,2.75,1643133346
luba,GQ,3.4568,8.5547,84.09,84.09,79,42,6.67,1643133347
sudbury,CA,46.49,-80.99,-4.61,-0.58,67,17,4.68,1643133242
gilgit,PK,35.9221,74.3087,22.69,22.69,69,20,3.47,1643133350
arroyo,ES,41.6096,-4.7969,46.74,49.06,55,20,2.3,1643133351
arman,RU,59.7,150.1667,-15.02,-15.02,84,56,7.54,1643133352
quatre cocos,MU,-20.2078,57.7625,76.08,78.91,70,56,17.4,1643133260
ucar,AZ,40.519,47.6542,37.58,37.58,68,1,8.52,1643133355
chamba,IN,32.5667,76.1333,44.69,44.69,72,67,3.83,1643133356
buala,SB,-8.145,159.5921,79.86,79.86,84,100,5.03,1643133358
ratnagiri,IN,16.9833,73.3,67.6,67.6,71,15,6.26,1643133359
yaan,NG,7.3833,8.5667,87.12,87.12,12,38,6.02,1643133360
bereda,ES,43.2686,-7.5406,44.22,47.95,81,0,3.29,1643133362
adrar,MR,20.5022,-10.0711,76.32,76.32,12,90,6.46,1643133219
hofn,IS,64.2539,-15.2082,41.13,41.13,58,48,34.11,1643133364
trinidad,BO,-14.8333,-64.9,89.58,89.58,62,20,5.75,1643133366
kyaukse,MM,21.6,96.1333,65.64,65.64,65,0,3.29,1643133367
stornoway,GB,58.2093,-6.3865,46.18,46.36,94,100,4.0,1643133368
juneau,US,58.3019,-134.4197,36.81,40.21,98,100,5.64,1643133201
general roca,AR,-39.0333,-67.5833,90.0,90.0,28,0,5.73,1643133371
talen,IN,23.5667,76.7167,52.75,52.75,53,0,6.06,1643133372
shingu,JP,33.7333,135.9833,42.71,42.71,89,34,5.01,1643133374
mutata,CO,7.2441,-76.4356,84.07,84.07,73,97,3.47,1643133375
bonavista,CA,48.6499,-53.1147,28.4,33.12,72,100,11.39,1643133376
ikare,NG,7.4913,5.2322,82.63,82.63,17,15,3.18,1643133378
ilulissat,GL,69.2167,-51.1,6.24,6.24,85,96,9.01,1643133379
wad madani,SD,14.4012,33.5199,80.4,80.4,28,85,11.92,1643133380
atar,MR,20.5169,-13.0499,82.31,82.31,14,99,6.2,1643133178
sistranda,NO,63.7256,8.834,35.56,37.9,74,100,11.95,1643133383
frutigen,CH,46.5878,7.6475,28.81,36.14,95,10,4.09,1643133384
labuhan,ID,-6.8844,112.2051,78.98,78.98,87,86,11.77,1643133386
soyo,AO,-6.1349,12.3689,82.45,82.45,76,97,8.84,1643133387
hirara,JP,24.8,125.2833,68.38,68.38,80,98,13.65,1643133388
itacare,BR,-14.2775,-38.9967,85.89,85.89,68,100,6.98,1643133390
kasangulu,CD,-4.5911,15.1708,77.88,77.88,90,78,2.15,1643133391
carberry,CA,49.8689,-99.3602,-18.17,-13.34,87,5,8.08,1643133393
havre,FR,49.5833,0.3333,33.24,34.34,100,100,3.44,1643133394
zavetnoye,RU,47.1194,43.8903,25.3,25.3,97,100,4.16,1643133395
simao,CN,22.7886,100.9748,54.7,54.7,82,63,0.63,1643133397
huayucachi,PE,-12.1333,-75.2333,60.8,60.8,60,100,4.76,1643133398
opuwo,NA,-18.0607,13.84,82.81,82.81,33,66,0.94,1643133399
kidal,ML,18.4411,1.4078,70.38,70.38,11,40,10.65,1643133401
khilok,RU,51.3674,110.4676,-4.92,-4.92,99,100,3.42,1643133402
mushie,CD,-3.0167,16.9,77.43,77.43,79,86,0.63,1643133404
yatou,CN,37.15,122.3833,34.32,34.32,73,77,9.35,1643133405
kutum,SD,14.2,24.6667,68.63,68.63,18,76,7.92,1643133406
cullman,US,34.1748,-86.8436,52.54,57.81,57,0,9.22,1643133340
cedar city,US,37.6775,-113.0619,28.69,29.37,82,100,17.27,1643133174
hami,CN,42.8,93.45,24.51,24.51,49,100,3.85,1643133381
prince george,CA,53.9166,-122.753,29.35,33.24,82,75,16.11,1643133411
severnoye,RU,56.3491,78.3619,7.11,7.11,97,99,4.79,1643133413
kaniama,CD,-7.5667,24.1833,68.04,68.04,96,100,2.42,1643133414
myitkyina,MM,25.3833,97.4,54.0,54.0,96,12,2.55,1643133415
winneba,GH,5.3511,-0.6231,86.47,86.47,66,22,9.95,1643133417
leshukonskoye,RU,64.8989,45.7622,24.28,24.28,95,100,7.9,1643133418
boundiali,CI,9.5217,-6.4869,86.97,86.97,12,88,4.63,1643133419
buzmeyin,TM,38.0507,58.2056,38.93,38.93,70,3,2.3,1643133421
dunedin,NZ,-45.8742,170.5036,57.79,57.79,89,7,3.74,1643133422
zyryanka,RU,65.75,150.85,-33.56,-33.56,99,97,6.71,1643133424
dobric,RS,44.7019,19.5814,30.61,30.79,62,73,3.29,1643133425
sao miguel do araguaia,BR,-13.275,-50.1628,84.49,84.49,66,60,5.64,1643133426
puerto madero,MX,14.7208,-92.4215,83.93,83.93,60,0,10.0,1643133314
raudeberg,NO,61.9875,5.1352,43.63,43.86,91,100,11.99,1643133429
aswan,EG,24.0934,32.907,61.9,61.9,25,0,6.91,1643133320
mahon,ES,39.8885,4.2658,46.96,46.96,81,0,4.61,1643133431
ust-nera,RU,64.5667,143.2,-21.87,-21.87,98,100,2.35,1643133433
vestmanna,FO,62.1564,-7.1664,40.12,40.12,70,75,34.52,1643133434
acapulco,MX,16.8634,-99.8901,84.24,84.24,46,1,7.07,1643133158
macia,MZ,-25.0269,33.0989,75.38,75.38,88,85,7.4,1643133436
kununurra,AU,-15.7667,128.7333,76.98,76.98,94,100,2.3,1643133149
sawtell,AU,-30.3833,153.1,70.36,71.19,93,100,0.0,1643133439
creil,FR,49.2567,2.4848,32.31,33.94,78,0,0.4,1643133440
ruteng,ID,-8.6136,120.4721,64.18,64.18,90,99,3.56,1643133442
eyl,SO,7.9803,49.8164,73.99,73.99,61,2,18.7,1643133443
ust-maya,RU,60.4167,134.5333,-20.04,-20.04,100,100,1.95,1643133444
lobito,AO,-12.3481,13.5456,78.19,78.19,82,53,5.88,1643133446
oranjestad,AW,12.524,-70.027,82.35,82.35,65,75,21.85,1643133179
puerto escondido,MX,15.85,-97.0667,86.83,86.83,62,0,8.05,1643133448
bell ville,AR,-32.6259,-62.6887,85.8,85.8,66,100,11.41,1643133450
laela,TZ,-8.5667,32.05,61.34,61.34,95,100,4.27,1643133451
waddan,LY,29.1614,16.139,49.55,49.55,66,84,15.1,1643133452
kumluca,TR,36.3703,30.2869,41.68,41.68,87,97,4.18,1643133454
havelock,US,34.8791,-76.9013,52.2,53.98,78,100,1.99,1643133455
tazmalt,DZ,36.3868,4.3989,50.2,50.2,54,0,3.36,1643133457
aras,ES,42.5617,-2.356,39.99,42.73,70,0,3.44,1643133458
samarinda,ID,-0.5,117.15,72.95,72.95,96,100,0.87,1643133459
dhari,IN,21.3333,71.0167,60.06,60.06,33,0,4.5,1643133461
novyy urengoy,RU,66.0833,76.6333,-2.2,-2.2,98,84,14.03,1643133462
koundara,GN,12.4833,-13.3,94.46,94.46,6,93,7.43,1643133463
yar-sale,RU,66.8333,70.8333,9.23,9.23,89,100,20.18,1643133465
joshimath,IN,30.5667,79.5667,32.61,32.61,65,86,5.77,1643133466
kushikino,JP,31.7167,130.2667,42.08,42.08,76,1,9.42,1643133467
dayong,CN,25.0209,118.2898,58.68,61.9,79,98,2.24,1643133469
senanga,ZM,-16.1167,23.2667,72.45,72.45,67,95,3.51,1643133470
southampton,GB,50.904,-1.4043,36.43,39.06,86,100,5.75,1643133471
altamont,US,42.2068,-121.7372,36.45,37.78,62,0,1.01,1643133473
imbituba,BR,-28.24,-48.6703,87.69,87.69,58,23,18.86,1643133474
yerofey pavlovich,RU,53.9667,121.9667,-11.87,-11.87,98,71,3.53,1643133475
russkaya polyana,UA,49.417,31.9201,13.87,13.87,94,49,3.91,1643133477
sola,VU,-13.8833,167.55,81.95,81.95,76,100,13.0,1643133478
dhidhdhoo,MV,6.8833,73.1,80.15,80.15,67,100,11.27,1643133480
vredendal,ZA,-31.6683,18.5012,73.71,73.71,53,0,13.24,1643133481
kushima,JP,31.4583,131.2333,42.12,42.12,87,4,6.02,1643133482
eirunepe,BR,-6.6603,-69.8736,79.16,79.16,81,100,1.25,1643133484
tocopilla,CL,-22.092,-70.1979,73.08,73.08,65,34,9.69,1643133485
verkhoyansk,RU,67.5447,133.385,-14.1,-14.1,99,100,2.13,1643133487
